"id","lastName","firstName","patronymic","isArtist","birthDate","deathDate","birthPlace","deathPlace","otherInfo","wikiUrl"
1,Денисовский,Николай,Фёдорович,0,"1901","1981","","","",https://artinvestment.ru/auctions/30530
2,Еремичев,М,А,0,"","","","","",https://artinvestment.ru/auctions/150660
3,Замошкин,Александр,Иванович,0,"1899","1977","","","",https://artinvestment.ru/auctions/150680
4,Иогансон,Карл,Вольдемарович,0,"1890","1929","","","",https://artinvestment.ru/auctions/150700
5,Комардёнков,Василий,Петрович,0,"1897","1973","","","",https://artinvestment.ru/auctions/11860
6,Костин,Сергей,Николаевич,0,"1896","1968","","","",https://artinvestment.ru/auctions/140460
7,Лентулов,Аристарх,Васильевич,0,"1882","1943","","","",https://artinvestment.ru/auctions/1306
8,Медунецкий,Константин,Константинович,0,"1899","1935","","","",https://artinvestment.ru/auctions/150720
9,Наумов,Александр,Ильич,0,"1899","1928","","","",https://artinvestment.ru/auctions/140940
10,Перекатов,А,С,0,"","","","","",https://artinvestment.ru/auctions/150740
11,Прусаков,А,П,0,"","","","","",https://artinvestment.ru/auctions/150760
12,Прусаков,Николай,Петрович,0,"1900","1952","","","",https://artinvestment.ru/auctions/42380
13,Родченко,Александр,Михайлович,0,"1891","1956","","","",https://artinvestment.ru/auctions/1366
14,Светлов,Сергей,Яковлевич,0,"1900","1966","","","",https://artinvestment.ru/auctions/150780
15,Стенберг,Владимир,Августович,0,"1899","1982","","","",https://artinvestment.ru/auctions/1832
16,Стенберг,Георгий,Августович,0,"1900","1933","","","",https://artinvestment.ru/auctions/4415
17,Якулов,Георгий,Богданович,0,"1884","1928","","","",https://artinvestment.ru/auctions/1174
18,Архипенко,Александр,Порфирьевич,0,"1887","1964","","","",https://artinvestment.ru/auctions/1284
19,Богуславская,Ксения,Леонидовна,0,"1892","1971","","","",https://artinvestment.ru/auctions/59790
20,Генке-Меллер,Нина,Генриховна,0,"1893","1954","","","",https://artinvestment.ru/auctions/132010
21,Давыдова,Наталия,Михайловна,0,"","","","","",https://artinvestment.ru/auctions/132030
22,Клюн,Иван,Васильевич,0,"1873","1943","","","",https://artinvestment.ru/auctions/1618
23,Лесовой,Пётр,Васильевич,0,"1948","","","","",https://artinvestment.ru/auctions/82460
24,Малевич,Казимир,Северинович,0,"1878","1935","","","",https://artinvestment.ru/auctions/1026
25,Матюшин,Михаил,Васильевич,0,"1861","1934","","","",https://artinvestment.ru/auctions/801
26,Меньков,Михаил,Иванович,0,"1885","1926","","","",https://artinvestment.ru/auctions/78030
27,Пестель,Вера,Ефремовна,0,"1883","1952","","","",https://artinvestment.ru/auctions/1450
28,Пуни,Иван,Альбертович,0,"1894","1956","","","",https://artinvestment.ru/auctions/1600
29,Розанова,Ольга,Владимировна,0,"1886","1918","","","",https://artinvestment.ru/auctions/1072
30,Удальцова,Надежда,Андреевна,0,"1886","1961","","","",https://artinvestment.ru/auctions/1094
31,Экстер,Александра,Александровна,0,"1882","1949","","","",https://artinvestment.ru/auctions/954
32,Вальтер,Ирина,Владимировна,0,"1903","1993","","","",https://artinvestment.ru/auctions/123950
33,Ваулина,Ольга,Петровна,0,"1902","1996","","","",https://artinvestment.ru/auctions/123990
34,Власюк,Софья,Сергеевна,0,"1902","1942","","","",https://artinvestment.ru/auctions/123970
35,Гринберг,Николай,И,0,"1897 (?)","","","","",https://artinvestment.ru/auctions/124010
36,Делакроа,Валида,Эрнестовна,0,"1899","1972","","","",https://artinvestment.ru/auctions/124030
37,Костров,Николай,Иванович,0,"1901","1995","","","",https://artinvestment.ru/auctions/96760
38,Магарил,Евгения,Марковна,0,"1902","1987","","","",https://artinvestment.ru/auctions/124050
39,Сысоева,Татьяна,Ивановна,0,"1893","","","","",https://artinvestment.ru/auctions/124070
40,Хмелевская,Елена,Станиславовна,0,"1899","1992","","","",https://artinvestment.ru/auctions/124090
41,Эндер,Борис,Владимирович,0,"1893","1960","","","",https://artinvestment.ru/auctions/1444
42,Эндер,Георгий,Владимирович,0,"1898","1963","","","",https://artinvestment.ru/auctions/124110
43,Эндер,Ксения,Владимировна,0,"1894","1955","","","",https://artinvestment.ru/auctions/1344
44,Эндер,Мария,Владимировна,0,"1897","1942","","","",https://artinvestment.ru/auctions/101480
45,Белостоцкая,Фанни,Яковлевна,0,"1904","1980","","","",https://artinvestment.ru/auctions/177200
46,Гурович,Эмма,Ильинична,0,"1899","1980","","","",https://artinvestment.ru/auctions/92730
47,Ермолаева,Вера,Михайловна,0,"1893","1937","","","",https://artinvestment.ru/auctions/46420
48,Иванова,Наталья,Ивановна,0,"1901","1979","","","",https://artinvestment.ru/auctions/177220
49,Каган,Анна,Александровна,0,"1902","1974","","","",https://artinvestment.ru/auctions/35400
50,Клуцис,Густав,Густавович,0,"1895","1938","","","",https://artinvestment.ru/auctions/1924
51,Коган,Нина,Иосифовна,0,"1889","1942","","","",https://artinvestment.ru/auctions/11680
52,Лисицкий,Эль,"",0,"1890","1941","","","",https://artinvestment.ru/auctions/1620
53,Митурич,Пётр,Васильевич,0,"1887","1956","","","",https://artinvestment.ru/auctions/1314
54,Рояк,Ефим,Моисеевич,0,"1906","1987","","","",https://artinvestment.ru/auctions/16170
55,Санников,Дмитрий,Николаевич,0,"1902","1970-е","","","",https://artinvestment.ru/auctions/82820
56,Стржеминский,Владислав,Максимилианович,0,"1893","1952","","","",https://artinvestment.ru/auctions/50480
57,Суетин,Николай,Михайлович,0,"1897","1954","","","",https://artinvestment.ru/auctions/43640
58,Хидекель,Лазарь,Маркович,0,"1904","1986","","","",https://artinvestment.ru/auctions/44720
59,Чашник,Илья,Григорьевич,0,"1902","1929","","","",https://artinvestment.ru/auctions/1310
60,Юдин,Лев,Александрович,0,"1903","1941","","","",https://artinvestment.ru/auctions/49210
61,Якерсон,Давид,Аронович,0,"1896","1947","","","",https://artinvestment.ru/auctions/59985
62,Аветов,Михаил,Никитич,0,"1895","1972","","","",https://artinvestment.ru/auctions/68390
63,Алтухов,Иов,Корнилович,0,"1884","1970","","","",https://artinvestment.ru/auctions/146680
64,Борисов,Борис,Иванович,0,"1902","1968","","","",https://artinvestment.ru/auctions/129470
65,Бухарев,Сергей,Николаевич,0,"1904",после 1972 (?),"","","",https://artinvestment.ru/auctions/129530
66,Герасимов,Сергей,Васильевич,0,"1885","1964","","","",https://artinvestment.ru/auctions/1528
67,Грабарь,Игорь,Эммануилович,0,"1871","1960","","","",https://artinvestment.ru/auctions/825
68,Григорьев,Василий,Иванович,0,"1895","1982","","","",https://artinvestment.ru/auctions/20590
69,Григорьев,Николай,Михайлович,0,"1880","1943","","","",https://artinvestment.ru/auctions/272
70,Григорьев,Николай,Николаевич,0,"1901","1979","","","",https://artinvestment.ru/auctions/56440
71,Девинов-Нюренберг,Давид,Маркович,0,"1896","1964","","","",https://artinvestment.ru/auctions/18770
72,Добров,Матвей,Алексеевич,0,"1877","1958","","","",https://artinvestment.ru/auctions/121630
73,Древин,Александр,Давидович,0,"1889","1938","","","",https://artinvestment.ru/auctions/1428
74,Завьялов,Иван,Фёдорович,0,"1893","1937","","","",https://artinvestment.ru/auctions/133930
75,Зефиров,Константин,Клавдианович,0,"1879","1960","","","",https://artinvestment.ru/auctions/21790
76,Иванов,Александр,Иванович,0,"1888","1948","","","",https://artinvestment.ru/auctions/135110
77,Иванов,Евгений,Николаевич,0,"1891","1940","","","",https://artinvestment.ru/auctions/129610
78,Иванов,Сергей,Иванович,0,"1885","1942","","","",https://artinvestment.ru/auctions/20670
79,Иванова,Зинаида,Григорьевна,0,"1897","1979","","","",https://artinvestment.ru/auctions/146700
80,Ижевский,В,В,0,"","","","","",https://artinvestment.ru/auctions/146720
81,Кантор,Лия,Генриховна,0,"","","","","",https://artinvestment.ru/auctions/146740
82,Каптерев,Валерий,Всеволодович,0,"1900","1981","","","",https://artinvestment.ru/auctions/106770
83,Карнеев,Михаил,Дмитриевич,0,"1902","","","","",https://artinvestment.ru/auctions/129630
84,Киров,Сергей,Михайлович,0,"1902","1976","","","",https://artinvestment.ru/auctions/146760
85,Киселев,В,И,0,"","","","","",https://artinvestment.ru/auctions/146780
86,Кончаловская,Татьяна,Максимовна,0,"1909","1971","","","",https://artinvestment.ru/auctions/146800
87,Кончаловский,Пётр,Петрович,0,"1876","1956","","","",https://artinvestment.ru/auctions/868
88,Королёв,Борис,Данилович,0,"1884","1963","","","",https://artinvestment.ru/auctions/79750
89,Кравченко,Алексей,Ильич,0,"1889","1940","","","",https://artinvestment.ru/auctions/1192
90,Крымов,Николай,Петрович,0,"1884","1958","","","",https://artinvestment.ru/auctions/88
91,Куприн,Александр,Васильевич,0,"1880","1960","","","",https://artinvestment.ru/auctions/363
92,Лебедев-Шуйский,Анатолий,Адрианович,0,"1896","1978","","","",https://artinvestment.ru/auctions/1150
93,Левашова,К,А,0,"","","","","",https://artinvestment.ru/auctions/129690
94,Лобанов,Сергей,Иванович,0,"1887","1943","","","",https://artinvestment.ru/auctions/7733
95,Максимов,Николай,Христофорович,0,"1892","1979","","","",https://artinvestment.ru/auctions/69000
96,Малютин,Иван,Андреевич,0,"1891 (1889 (?))","1932","","","",https://artinvestment.ru/auctions/65030
97,Масленников,Николай,Николаевич,0,"1895","1950","","","",https://artinvestment.ru/auctions/146660
98,Машкевич,Евгений,Осипович,0,"1894","1945","","","",https://artinvestment.ru/auctions/133950
99,Машков,Илья,Иванович,0,"1881","1944","","","",https://artinvestment.ru/auctions/1104
100,Моргунов,Алексей,Алексеевич,0,"1884","1935","","","",https://artinvestment.ru/auctions/15130
101,Мурашев,Дмитрий,Васильевич,0,"1904","1961","","","",https://artinvestment.ru/auctions/129770
102,Мухин,Семён,Григорьевич,0,"1891","1972","","","",https://artinvestment.ru/auctions/129790
103,Новожилов,Василий,Михайлович,0,"1888","1959","","","",https://artinvestment.ru/auctions/100360
104,Осмёркин,Александр,Александрович,0,"1892","1953","","","",https://artinvestment.ru/auctions/1462
105,Павлова,А,В,0,"","","","","",https://artinvestment.ru/auctions/146820
106,Первухин,Александр,Николаевич,0,"1898","","","","",https://artinvestment.ru/auctions/146840
107,Перфильев,Иван,Петрович,0,"","","","","",https://artinvestment.ru/auctions/146860
108,Петров,Сергей,Иванович,0,"1881","1936","","","",https://artinvestment.ru/auctions/146580
109,Полежаев,А,Г,0,"","","","","",https://artinvestment.ru/auctions/146880
110,Почиталов,Василий,Васильевич,0,"1903","1973","","","",https://artinvestment.ru/auctions/15430
111,Родионов,Михаил,Семёнович,0,"1885","1956","","","",https://artinvestment.ru/auctions/44960
112,Рождественский,Василий,Васильевич,0,"1884","1963","","","",https://artinvestment.ru/auctions/15530
113,Романович,Сергей,Михайлович,0,"1894","1968","","","",https://artinvestment.ru/auctions/96400
114,Рублёв,Георгий,Иосифович,0,"1902","1975","","","",https://artinvestment.ru/auctions/43440
115,Рыбаков,Алексей,Андреевич,0,"","","","","",https://artinvestment.ru/auctions/146900
116,Рындин,Вадим,Фёдорович,0,"1902","1974","","","",https://artinvestment.ru/auctions/1246
117,Сахаров,А,Ф,0,"","","","","",https://artinvestment.ru/auctions/146920
118,Соколик,Наум,Клементьевич,0,"1897","1944","","","",https://artinvestment.ru/auctions/109270
119,Софронова,Антонина,Фёдоровна,0,"1892","1966","","","",https://artinvestment.ru/auctions/357
120,Столпникова,Мариамна,Ильинична,0,"1893","1961","","","",https://artinvestment.ru/auctions/146940
121,Таратухин,С,М,0,"","","","","",https://artinvestment.ru/auctions/17750
122,Фальк,Роберт,Рафаилович,0,"1886","1958","","","",https://artinvestment.ru/auctions/1152
123,Фёдоров,Герман,Васильевич,0,"1885","1976","","","",https://artinvestment.ru/auctions/25150
124,Фейгин,Моисей,Александрович,0,"1904","2008","","","",https://artinvestment.ru/auctions/13650
125,Феокритова,Мария,Ивановна,0,"1898","1983","","","",https://artinvestment.ru/auctions/137610
126,Фонвизин,Артур,Владимирович,0,"1882","1973","","","",https://artinvestment.ru/auctions/268
127,Франкетти,Владимир,Феликсович,0,"1887","1969","","","",https://artinvestment.ru/auctions/135850
128,Храковский,Владимир,Львович,0,"1893","1984","","","",https://artinvestment.ru/auctions/146640
129,Чекмазов,Иван,Иванович,0,"1901","1961","","","",https://artinvestment.ru/auctions/119850
130,Чернышёв,Николай,Михайлович,0,"1885","1973","","","",https://artinvestment.ru/auctions/15830
131,Чирков,Антон,Николаевич,0,"1902","1946","","","",https://artinvestment.ru/auctions/130130
132,Шабль-Табулевич,Борис,Сергеевич,0,"1896",после 1939,"","","",https://artinvestment.ru/auctions/88080
133,Шевченко,Александр,Васильевич,0,"1883","1948","","","",https://artinvestment.ru/auctions/264
134,Шегаль,Григорий,Михайлович,0,"1889","1956","","","",https://artinvestment.ru/auctions/15870
135,Шемякин,Михаил,Фёдорович,0,"1875","1944","","","",https://artinvestment.ru/auctions/2172
136,Шеришев,Василий,Михайлович,0,"1903","1940","","","",https://artinvestment.ru/auctions/130170
137,Шестаков,Николай,Иванович,0,"1883","","","","",https://artinvestment.ru/auctions/103280
138,Шифрина,Варвара,Наумовна,0,"1905","1970е","","","",https://artinvestment.ru/auctions/146960
139,Шмелев,Фёдор,Константинович,0,"1899","1991","","","",https://artinvestment.ru/auctions/146980
140,Эйгес,Б,Р,0,"","","","","",https://artinvestment.ru/auctions/147000
141,Эйгес,Вениамин,Романович,0,"1888","1956","","","",https://artinvestment.ru/auctions/20690
142,Эйферт,Владимир,Александрович,0,"1884","1960","","","",https://artinvestment.ru/auctions/147020
143,Ястржемский,Антон,Станиславович,0,"1884","1960","","","",https://artinvestment.ru/auctions/134010
144,Акимов,И,П,0,"","","","","",https://artinvestment.ru/auctions/135570
145,Аксельрод,Меер,Моисеевич,0,"1902","1970","","","",https://artinvestment.ru/auctions/1974
146,Аракелян,Седрак,Аракелович,0,"1884","1942","","","",https://artinvestment.ru/auctions/128950
147,Аринин,Михаил,Александрович,0,"1897","1967","","","",https://artinvestment.ru/auctions/135590
148,Аскинази,Моисей,Соломонович,0,"1901","1947","","","",https://artinvestment.ru/auctions/135610
149,Бебутова,Елена,Михайловна,0,"1892","1970","","","",https://artinvestment.ru/auctions/45040
150,Бехтеев,Владимир,Георгиевич,0,"1878","1971","","","",https://artinvestment.ru/auctions/29
151,Бруни,Лев,Александрович,0,"1894","1948","","","",https://artinvestment.ru/auctions/13130
152,Верейский,Георгий,Семёнович,0,"1886","1962","","","",https://artinvestment.ru/auctions/1218
153,Глаголева,Анна,Семёновна,0,"1873","1943","","","",https://artinvestment.ru/auctions/123270
154,Гончаров,Андрей,Дмитриевич,0,"1903","1979","","","",https://artinvestment.ru/auctions/888
155,Горшман,Мендель,Хаимович,0,"1902","1972","","","",https://artinvestment.ru/auctions/37900
156,Гудиашвили,Ладо,"",0,"1896","1980","","","",https://artinvestment.ru/auctions/1650
157,Давидович,Ефрем,Гершевич,0,"1899","1941","","","",https://artinvestment.ru/auctions/64810
158,Егоров,Евгений,Васильевич,0,"1901","1942","","","",https://artinvestment.ru/auctions/14330
159,Ермаков,Иван,Дмитриевич,0,"1875","","","","",https://artinvestment.ru/auctions/135650
160,Ефимов,Иван,Семёнович,0,"1878","1959",Москва,Москва,"",https://artinvestment.ru/auctions/48180/
161,Жолтовский,Иван,Владиславович,0,"1867","1959","","","",https://artinvestment.ru/auctions/124730
162,Ивановский,Лев,Константинович,0,"1900","1932","","","",https://artinvestment.ru/auctions/135670
163,Истомин,Константин,Николаевич,0,"1887","1942","","","",https://artinvestment.ru/auctions/1338
164,Карев,Алексей,Еремеевич,0,"1879","1942","","","",https://artinvestment.ru/auctions/123050
165,Кашкин,Владимир,Иванович,0,"1904","1938","","","",https://artinvestment.ru/auctions/135690
166,Кузнецов,Михаил,Варфоломеевич,0,"1876","1953","","","",https://artinvestment.ru/auctions/122730
167,Кузнецов,Павел,Варфоломеевич,0,"1878","1968","","","",https://artinvestment.ru/auctions/934
168,Купреянов,Николай,Николаевич,0,"1894","1933","","","",https://artinvestment.ru/auctions/1228
169,Лебедев,Владимир,Васильевич,0,"1891","1967","","","",https://artinvestment.ru/auctions/1096
170,Лопатников,Дмитрий,Никонович,0,"1889","1975","","","",https://artinvestment.ru/auctions/135530
171,Львов,Пётр,Иванович,0,"1882","1944","","","",https://artinvestment.ru/auctions/2134
172,Матвеев,Александр,Терентьевич,0,"1878","1960","","","",https://artinvestment.ru/auctions/50755
173,Матвеева-Мостова,Зоя,Яковлевна,0,"1884","1972","","","",https://artinvestment.ru/auctions/27630
174,Мидлер,Виктор,Маркович,0,"1888","1979","","","",https://artinvestment.ru/auctions/1560
175,Милашевский,Владимир,Алексеевич,0,"1893","1976","","","",https://artinvestment.ru/auctions/1354
176,Миловидов,Борис,Васильевич,0,"1902","1975","","","",https://artinvestment.ru/auctions/67630
177,Могилевский,Александр,Павлович,0,"1885","1980","","","",https://artinvestment.ru/auctions/98900
178,Мухина,Вера,Игнатьевна,0,"1889","1953","","","",https://artinvestment.ru/auctions/50795
179,Нерадовский,Пётр,Иванович,0,"1875","1962","","","",https://artinvestment.ru/auctions/50560
180,Нивинский,Игнатий,Игнатьевич,0,"1881","1933","","","",https://artinvestment.ru/auctions/972
181,Нисс-Гольдман,Нина,Ильинична,0,"1893","1990","","","",https://artinvestment.ru/auctions/135550
182,Остроумова-Лебедева,Анна,Петровна,0,"1871","1955","","","",https://artinvestment.ru/auctions/344
183,Павлинов,Павел,Яковлевич,0,"1881","1966","","","",https://artinvestment.ru/auctions/125250
184,Падалицын,Николай,Иванович,0,"1893","1930","","","",https://artinvestment.ru/auctions/135710
185,Петров-Водкин,Кузьма,Сергеевич,0,"1878","1939","","","",https://artinvestment.ru/auctions/970
186,Рейдемейстер,В,Ф,0,"","","","","",https://artinvestment.ru/auctions/135730
187,Розенфельд,Николай,Борисович,0,"1886","1937 (1938?)","","","",https://artinvestment.ru/auctions/135750
188,Савинов,Александр,Иванович,0,"1881","1942","","","",https://artinvestment.ru/auctions/19890
189,Сарьян,Мартирос,Сергеевич,0,"1880","1972","","","",https://artinvestment.ru/auctions/4733
190,Симон,Николай,Иванович,0,"1892","1951","","","",https://artinvestment.ru/auctions/135770
191,Симонович-Ефимова,Нина,Яковлевна,0,"1877","1948","","","",https://artinvestment.ru/auctions/125310
192,Синякова-Уречина,Мария,Михайловна,0,"1890","1984","","","",https://artinvestment.ru/auctions/57900
193,Соловейчик,Арон,Абрамович,0,"1901","1961","","","",https://artinvestment.ru/auctions/135790
194,Столпникова,Антонина,Ильинична,0,"1891","1930","","","",https://artinvestment.ru/auctions/135810
195,Таманов,Александр,Иванович,0,"1878","1936","","","",https://artinvestment.ru/auctions/124790
196,Тарасов,Николай,Павлович,0,"1896","1969","","","",https://artinvestment.ru/auctions/90350
197,Тарханов,Михаил,Михайлович,0,"1888","1962","","","",https://artinvestment.ru/auctions/1006
198,Тырса,Николай,Андреевич,0,"1887","1942","","","",https://artinvestment.ru/auctions/1422
199,Ульянов,Николай,Павлович,0,"1875","1949","","","",https://artinvestment.ru/auctions/1114
200,Уткин,Пётр,Саввич,0,"1877","1934","","","",https://artinvestment.ru/auctions/6733
201,Фаворский,Владимир,Андреевич,0,"1886","1964","","","",https://artinvestment.ru/auctions/1214
202,Федоренко,В,П,0,"","","","","",https://artinvestment.ru/auctions/135830
203,Феофилактов,Николай,Петрович,0,"1878","1941","","","",https://artinvestment.ru/auctions/1320
204,Френкель-Манюссон,Роза,Владимировна,0,"1880","","","","",https://artinvestment.ru/auctions/135870
205,Чайков,Иосиф,Моисеевич,0,"1888","1979","","","",https://artinvestment.ru/auctions/48300
206,Шитиков,Василий,Дмитриевич,0,"1874","1957","","","",https://artinvestment.ru/auctions/2112
207,Шор,Сарра,Марковна,0,"1897","1981","","","",https://artinvestment.ru/auctions/91400
208,Шпинель,Иосиф,Аронович,0,"1892","1989","","","",https://artinvestment.ru/auctions/135890
209,Щуко,Владимир,Алексеевич,0,"1878","1939","","","",https://artinvestment.ru/auctions/124910
210,Щусев,Алексей,Викторович,0,"1873","1949","","","",https://artinvestment.ru/auctions/34500
211,Юстицкий,Валентин,Михайлович,0,"1892","1951","","","",https://artinvestment.ru/auctions/92390
212,Яковлев,Б,А,0,"","","","","",https://artinvestment.ru/auctions/135910
213,Ахремчик,Иван,Осипович,0,"1903","1971","","","",https://artinvestment.ru/auctions/187680
214,Барто,Ростислав,Николаевич,0,"1902","1974","","","",https://artinvestment.ru/auctions/1944
215,Баскакова,В,Н,0,"","","","","",https://artinvestment.ru/auctions/187700
216,Башкиров,Г,А,0,"","","","","",https://artinvestment.ru/auctions/187720
217,Беликович,З,В,0,"","","","","",https://artinvestment.ru/auctions/187740
218,Витинг,Николай,Иосифович,0,"1910","1991","","","",https://artinvestment.ru/auctions/42080
219,Голованов,Александр,Сергеевич,0,"1899","1930","","","",https://artinvestment.ru/auctions/187760
220,Голополосов,Борис,Александрович,0,"1900","1983","","","",https://artinvestment.ru/auctions/187780
221,Гончаров,Иван,Дмитриевич,0,"1899",не ранее 1939,"","","",https://artinvestment.ru/auctions/187800
222,Игумнов,Сергей,Дмитриевич,0,"1900","1942","","","",https://artinvestment.ru/auctions/187820
223,Классон,Екатерина,Робертовна,0,"1901","1980","","","",https://artinvestment.ru/auctions/187840
224,Коган,О,И,0,"",не ранее 1957,"","","",https://artinvestment.ru/auctions/187860
225,Копчугов,А,А,0,"",не ранее 1932,"","","",https://artinvestment.ru/auctions/187880
226,Кузнецов,Л,А,0,"",не ранее 1930,"","","",https://artinvestment.ru/auctions/187900
227,Кутузов,В,И,0,"",не ранее 1934,"","","",https://artinvestment.ru/auctions/187920
228,Морозов,Константин,Феофанович,0,"1894","1960-е","","","",https://artinvestment.ru/auctions/29930
229,Мухин,К,М,0,"",не ранее 1932,"","","",https://artinvestment.ru/auctions/187940
230,Некрасов,Сергей (?),Григорьевич (?),0,"1893 (?)",не ранее 1929 (1960-е (?)),"","","",https://artinvestment.ru/auctions/187960
231,Николаев,Николай,И,0,"",ХХ,"","","",https://artinvestment.ru/auctions/162240
232,Новиков,Михаил,Васильевич,0,"1900",не ранее 1930,"","","",https://artinvestment.ru/auctions/187980
233,Павлова,М,"",0,"","","","","",https://artinvestment.ru/auctions/188000
234,Ряжский,Георгий,Георгиевич,0,"1895","1952","","","",https://artinvestment.ru/auctions/15590
235,Сирвинт-Шерман,Зинаида,Марковна,0,"1902","1971","","","",https://artinvestment.ru/auctions/106570
236,Стрелков,С,С,0,"",не ранее 1930,"","","",https://artinvestment.ru/auctions/188020
237,Суряев,Константин,Николаевич,0,"1900","1965","","","",https://artinvestment.ru/auctions/141540
238,Тавадзе,Тамара,Георгиевна,0,"1898","1980 (?)","","","",https://artinvestment.ru/auctions/78390
239,Фомин,А,А,0,"","","","","",https://artinvestment.ru/auctions/159840
240,Фролов,Николай,Фёдорович,0,"1901","1948","","","",https://artinvestment.ru/auctions/188040
241,Целыковский,Михаил,Александрович,0,"1902 (?)",не ранее 1928,"","","",https://artinvestment.ru/auctions/188060
242,Штейнбрехт,Р,Л,0,"",не ранее 1932,"","","",https://artinvestment.ru/auctions/188080
243,Какабадзе,Давид,Несторович,0,"1889","1952","","","",https://artinvestment.ru/auctions/1890
244,Кириллова,Анна,Михайловна,0,"",после 1930,"","","",https://artinvestment.ru/auctions/124130
245,Лассон-Спирова,Эльза,Альфредовна,0,"","","","","",https://artinvestment.ru/auctions/124150
246,Псковитинов,Евгений,Константинович,0,"","","","","",https://artinvestment.ru/auctions/124170
247,Филонов,Павел,Николаевич,0,"1883","1941","","","",https://artinvestment.ru/auctions/795
248,Альтман,Натан,Исаевич,0,"1889","1970","","","",https://artinvestment.ru/auctions/1232
249,Васильева,Мария,Ивановна,0,"1884","1957","","","",https://artinvestment.ru/auctions/821
250,Каменский,Василий,Васильевич,0,"1884","1961","","","",https://artinvestment.ru/auctions/123290
251,Попова,Любовь,Сергеевна,0,"1889","1924","","","",https://artinvestment.ru/auctions/82
252,Татлин,Владимир,Евграфович,0,"1885","1953","","","",https://artinvestment.ru/auctions/1568
253,Граженский,Василий,Владимирович,0,"1883","1920","","","",https://artinvestment.ru/auctions/151260
254,Гусак,Георгий,Виссарионович,0,"","","","","",https://artinvestment.ru/auctions/151280
255,Лукашев,С,"",0,"","","","","",https://artinvestment.ru/auctions/151300
256,Любарский,Павел,Васильевич,0,"1891","1968 (1970?)","","","",https://artinvestment.ru/auctions/151320
257,Наумов,Никтополион,Павлович,0,"1891","1928","","","",https://artinvestment.ru/auctions/151340
258,Пальмов,Виктор,Никандрович,0,"1888","1929","","","",https://artinvestment.ru/auctions/70100
259,Плассе,Ж,"",0,"","","","","",https://artinvestment.ru/auctions/151360
260,Андреевская,Мария,Георгиевна,0,"1895","1921","","","",https://artinvestment.ru/auctions/154860
261,Барашов,Михаил,Васильевич,0,"1897","1962","","","",https://artinvestment.ru/auctions/154880
262,Вильковиская,Вера,Эммануиловна,0,"1890","1944","","","",https://artinvestment.ru/auctions/154900
263,Меркушев,Михаил,Иванович,0,"1899","","","","",https://artinvestment.ru/auctions/154920
264,Мощевитин,Дмитрий,Павлович,0,"1894","1974","","","",https://artinvestment.ru/auctions/154940
265,Платунова,Александра,Георгиевна,0,"1896","1966","","","",https://artinvestment.ru/auctions/152540
266,Плещинский,Илларион,Николаевич,0,"1892","1961","","","",https://artinvestment.ru/auctions/133450
267,Сокольский,Николай,Михайлович,0,"1900","1970","","","",https://artinvestment.ru/auctions/154960
268,Фёдоров,Дмитрий,Михайлович,0,"1891","1959","","","",https://artinvestment.ru/auctions/154980
269,Федотов,Степан,Сергеевич,0,"1895","1946","","","",https://artinvestment.ru/auctions/155000
270,Чеботарёв,Константин,Константинович,0,"1892","1974","","","",https://artinvestment.ru/auctions/42400
271,Шикалов,Николай,Сергеевич,0,"1890","1921","","","",https://artinvestment.ru/auctions/155020
272,Богданов,Сергей,Александрович,0,"1888","1967","","","",https://artinvestment.ru/auctions/1494
273,Богородский,Фёдор,Семёнович,0,"1895","1959","","","",https://artinvestment.ru/auctions/13950
274,Булатов,И,П,0,"","","","","",https://artinvestment.ru/auctions/129490
275,Бунатьян,Леонард,Михайлович,0,"","","","","",https://artinvestment.ru/auctions/129510
276,Вейдеман,Карл,Янович,0,"1897","1938","","","",https://artinvestment.ru/auctions/129550
277,Воронов,Леонид,Александрович,0,"1899","","","","",https://artinvestment.ru/auctions/129570
278,Глускин,Александр,Михайлович,0,"1899","1969","","","",https://artinvestment.ru/auctions/23470
279,Земенков,Борис,Сергеевич,0,"1902","1963","","","",https://artinvestment.ru/auctions/36540
280,Зозуля,Григорий,Степанович,0,"1893","1973","","","",https://artinvestment.ru/auctions/1786
281,Колобов,Даниил,Леонидович,0,"1892","1963","","","",https://artinvestment.ru/auctions/129650
282,Колобова,Инна,Викторовна,0,"","","","","",https://artinvestment.ru/auctions/129670
283,Колосов,Алексей,Александрович,0,"1892","1972","","","",https://artinvestment.ru/auctions/1140
284,Кузнецов,Михаил,Александрович,0,"1904","1989","","","",https://artinvestment.ru/auctions/950
285,Лаков,Николай,Андреевич,0,"1894","1970","","","",https://artinvestment.ru/auctions/18910
286,Макарычев,Илья,Павлович,0,"1901","1928 (?)","","","",https://artinvestment.ru/auctions/129710
287,Малютин,Михаил,Сергеевич,0,конец XIX — начало XX,"","","","",https://artinvestment.ru/auctions/112810
288,Мотовилов,Георгий,Иванович,0,"1884","1963","","","",https://artinvestment.ru/auctions/129750
289,Нащекин,Демьян,Васильевич,0,"","","","","",https://artinvestment.ru/auctions/129810
290,Никифоров,Вадим,Сергеевич,0,"","","","","",https://artinvestment.ru/auctions/129830
291,Оболенский,Михаил,Васильевич,0,"1896","1979","","","",https://artinvestment.ru/auctions/129850
292,Перуцкий,Михаил,Семёнович,0,"1892","1959","","","",https://artinvestment.ru/auctions/111490
293,Поваляева,Вера,Л,0,"","","","","",https://artinvestment.ru/auctions/129870
294,Покаржевский,Пётр,Дмитриевич,0,"1889","1968","","","",https://artinvestment.ru/auctions/15370
295,Попов,Николай,Николаевич,0,"1890","1958","","","",https://artinvestment.ru/auctions/129890
296,Ражин,Николай,Павлович,0,"1892",не ранее 1943,"","","",https://artinvestment.ru/auctions/129910
297,Розанов,Григорий,Павлович,0,"1891",ок. 1970,"","","",https://artinvestment.ru/auctions/129930
298,Рудаков,Василий,Николаевич,0,"1891","1981","","","",https://artinvestment.ru/auctions/129950
299,Саввичев,Василий,Андреевич,0,"1886","1929","","","",https://artinvestment.ru/auctions/129970
300,Садков,Виктор,Николаевич,0,"1903","1976","","","",https://artinvestment.ru/auctions/15610
301,Сахаров,Сергей,Георгиевич,0,"1906","1969","","","",https://artinvestment.ru/auctions/130010
302,Соколов-Скаля,Павел,Петрович,0,"1899","1961","","","",https://artinvestment.ru/auctions/290
303,Соколовская,П,П,0,"","","","","",https://artinvestment.ru/auctions/130030
304,Сретенский,Григорий,Александрович,0,"1899","1972","","","",https://artinvestment.ru/auctions/2152
305,Ставровский,Аркадий,Сергеевич,0,"1903","1980","","","",https://artinvestment.ru/auctions/130050
306,Стеньшинская,Нина,Сергеевна,0,"1901","1988","","","",https://artinvestment.ru/auctions/40980
307,Стеньшинский,Иван,Сергеевич,0,"1896","1965","","","",https://artinvestment.ru/auctions/130070
308,Талдыкин,Александр,Алексеевич,0,"","","","","",https://artinvestment.ru/auctions/130090
309,Чепцов,К,А,0,"","","","","",https://artinvestment.ru/auctions/130110
310,Шалимов,Николай,Георгиевич,0,"","","","","",https://artinvestment.ru/auctions/130150
311,Брик,Осип,Максимович,0,"1888","1945",Москва,Москва,"","https://ru.wikipedia.org/wiki/Брик,_Осип_Максимович"
312,Эйгес,Ольга,Вячеславовна,0,"1910","1996","","","",https://artinvestment.ru/auctions/79570
313,Вильямс,Пётр,Владимирович,0,"1902","1947","","","",https://artinvestment.ru/auctions/785
314,Комиссаренко,Зенон,Петрович,0,"1891","1980","","","",https://artinvestment.ru/auctions/16430
315,Лабас,Александр,Аркадьевич,0,"1900","1983","","","",https://artinvestment.ru/auctions/1170
316,Лучишкин,Сергей,Алексеевич,0,"1902","1989","","","",https://artinvestment.ru/auctions/33640
317,Никритин,Соломон,Борисович,0,"1898","1965","","","",https://artinvestment.ru/auctions/3273
318,Плаксин,Михаил,Матвеевич,0,"1898","1965","","","",https://artinvestment.ru/auctions/124670
319,Редько,Климент,Николаевич,0,"1897","1956","","","",https://artinvestment.ru/auctions/1134
320,Тряскин,Николай,Адрианович,0,"1902","1995","","","",https://artinvestment.ru/auctions/124690
321,Тышлер,Александр,Григорьевич,0,"1898","1980","","","",https://artinvestment.ru/auctions/1136
322,Адливанкин,Самуил,Яковлевич,0,"1897","1966","","","",https://artinvestment.ru/auctions/2286
323,Нюренберг,Амшей,Маркович,0,"1887","1979","","","",https://artinvestment.ru/auctions/15250
324,Микули,Анатолий,Францевич,0,"1882","1938","","","",https://artinvestment.ru/auctions/146140
325,Пшесецкая,Вера,Николаевна,0,"1879","1945 или 1946","","","",https://artinvestment.ru/auctions/122870
326,Сардан,Александр,Павлович,0,"1901","1974","","","",https://artinvestment.ru/auctions/122890
327,Смирнов-Русецкий,Борис,Алексеевич,0,"1905","1993","","","",https://artinvestment.ru/auctions/26590
328,Фатеев,Пётр,Петрович,0,"1891","1971","","","",https://artinvestment.ru/auctions/122910
329,Черноволенко,Виктор,Тихонович,0,"1900","1972","","","",https://artinvestment.ru/auctions/122930
330,Шиголев,Сергей,Иванович,0,"1895","1951 (?)","","","",https://artinvestment.ru/auctions/122950
331,Волков,Борис,Иванович,0,"1900","1970","","","",https://artinvestment.ru/auctions/91590
332,Вялов,Константин,Александрович,0,"1900","1976","","","",https://artinvestment.ru/auctions/4495
333,Люшин,Владимир,Иванович,0,"1898","1970","","","",https://artinvestment.ru/auctions/124190
334,Меркулов,Юрий,Александрович,0,"1901","1979","","","",https://artinvestment.ru/auctions/124210
335,Бах,Айно,Густавовна,0,"1901","1980","","","",https://artinvestment.ru/auctions/137910
336,Мамонтов,Николай,Андреевич,0,"1898","1964","","","",https://artinvestment.ru/auctions/50155
337,Мартынов,Леонид,Николаевич,0,"1905","1980","","","",https://artinvestment.ru/auctions/137930
338,Мол,Виктор,Павлович,0,"1901","1989","","","",https://artinvestment.ru/auctions/137950
339,Осолодков,Пётр,Алексеевич,0,"1898","1942","","","",https://artinvestment.ru/auctions/69340
340,Уфимцев,Виктор,Иванович,0,"1899","1964","","","",https://artinvestment.ru/auctions/26750
341,Арапов,Анатолий,Афанасьевич,0,"1876","1949","","","",https://artinvestment.ru/auctions/1518
342,Бромирский,Пётр,Игнатьевич,0,"1886","1920","","","",https://artinvestment.ru/auctions/46280
343,Бурлюк,Давид,Давидович,0,"1882","1967","","","",https://artinvestment.ru/auctions/1556
344,Гольдингер,Екатерина,Васильевна,0,"1881","1973","","","",https://artinvestment.ru/auctions/80670
345,Гончарова,Наталия,Сергеевна,0,"1881","1962","","","",https://artinvestment.ru/auctions/759
346,Дриттенпрейс,Владимир,Петрович,0,"1878",не ранее 1916,"","","",https://artinvestment.ru/auctions/123370
347,Ларионов,Михаил,Фёдорович,0,"1881","1964","","","",https://artinvestment.ru/auctions/1586
348,Маяковский,Владимир,Владимирович,0,"1893","1930","","","",https://artinvestment.ru/auctions/50195
349,Мещерин,Николай,Васильевич,0,"1864","1916","","","",https://artinvestment.ru/auctions/124850
350,Милиоти,Николай,Дмитриевич,0,"1874","1962","","","",https://artinvestment.ru/auctions/1272
351,Остроухов,Илья,Семёнович,0,"1858","1929","","","",https://artinvestment.ru/auctions/956
352,Пастернак,Леонид,Осипович,0,"1862","1945","","","",https://artinvestment.ru/auctions/1476
353,Переплётчиков,Василий,Васильевич,0,"1863","1918","","","",https://artinvestment.ru/auctions/1468
354,Сапунов,Николай,Николаевич,0,"1880","1912","","","",https://artinvestment.ru/auctions/1122
355,Серов,Валентин,Александрович,0,"1865","1911","","","",https://artinvestment.ru/auctions/1050
356,Средин,Александр,Валентинович,0,"1872","1934","","","",https://artinvestment.ru/auctions/1544
357,Судейкин,Сергей,Юрьевич,0,"1882","1946","","","",https://artinvestment.ru/auctions/1100
358,Юон,Константин,Фёдорович,0,"1875","1958","","","",https://artinvestment.ru/auctions/1454
359,Богатырёв,Михаил,Григорьевич,0,"1924","1999","","","",https://artinvestment.ru/auctions/18370
360,Васильев,Владимир,Александрович,0,"1895","1967","","","",https://artinvestment.ru/auctions/84915
361,Гуревич,Михаил,Львович,0,"1904","1943","","","",https://artinvestment.ru/auctions/2415
362,Зернова,Екатерина,Сергеевна,0,"1900","1995","","","",https://artinvestment.ru/auctions/14390
363,Игумнов,Андрей,Иванович,0,"1903","1975","","","",https://artinvestment.ru/auctions/84935
364,Козлова,Клавдия,Афанасьевна,0,"1902","1966","","","",https://artinvestment.ru/auctions/140600
365,Кудряшов,Иван,Алексеевич,0,"1896","1972","","","",https://artinvestment.ru/auctions/1522
366,Мельникова,Елена,Константиновна,0,"1902","1980","","","",https://artinvestment.ru/auctions/84975
367,Пархоменко,Константин,Кондратьевич,0,"1898","","","","",https://artinvestment.ru/auctions/140620
368,Пименов,Юрий,Иванович,0,"1903","1977","","","",https://artinvestment.ru/auctions/110
369,Тягунов,Владимир,Петрович,0,"1907","1982","","","",https://artinvestment.ru/auctions/22770
370,Шахов,Анатолий,Алексеевич,0,"1907","1976","","","",https://artinvestment.ru/auctions/140660
371,Буров,Андрей,Константинович,0,"1900","1957","","","",https://artinvestment.ru/auctions/130190
372,Веснин,Александр,Александрович,0,"1883","1959","","","",https://artinvestment.ru/auctions/4355
373,Кручёных,Алексей,Елисеевич,0,"1886","1968","","","",https://artinvestment.ru/auctions/36580
374,Лавинский,Антон,Михайлович,0,"1893","1968","","","",https://artinvestment.ru/auctions/65680
375,Сенькин,Сергей,Яковлевич,0,"1894","1963","","","",https://artinvestment.ru/auctions/130210
376,Эйзенштейн,Сергей,Михайлович,0,"1898","1948","","","",https://artinvestment.ru/auctions/50640
377,Юткевич,Сергей,Иосифович,0,"1904","1985","","","",https://artinvestment.ru/auctions/90170
378,Агафонов,Евгений,Андреевич,0,"1879","1955","","","",https://artinvestment.ru/auctions/7905
379,Алексеева,Кира,Константиновна,0,"1891","1977","","","",https://artinvestment.ru/auctions/145820
380,Барт,Виктор,Сергеевич,0,"1887","1954","","","",https://artinvestment.ru/auctions/7945
381,Барышников,Александр,Александрович,0,"1877","1924","","","",https://artinvestment.ru/auctions/145840
382,Бейгуль,Александр,Николаевич,0,"1882",после 1919,"","","",https://artinvestment.ru/auctions/145860
383,Блюменфельд,Генрих,Матвеевич,0,"1893","1920","","","",https://artinvestment.ru/auctions/145880
384,Третьяков,Сергей,Михайлович,0,"1892","1937",Гольдинген,Москва,"","https://ru.wikipedia.org/wiki/Третьяков,_Сергей_Михайлович_(поэт)"
385,Бурлюк,Владимир,Давидович,0,"1886","1917","","","",https://artinvestment.ru/auctions/1222
386,Верёвкина,Марианна,Владимировна,0,"1860","1938","","","",https://artinvestment.ru/auctions/46320
387,Гольдфарб,К,"",0,"","","","","",https://artinvestment.ru/auctions/145900
388,Гонорский,В,В,0,"","","","","",https://artinvestment.ru/auctions/145920
389,Грищенко,Алексей,Васильевич,0,"1883","1977","","","",https://artinvestment.ru/auctions/1864
390,Гумилина,Антонина,Михайловна,0,"1895","1918","","","",https://artinvestment.ru/auctions/145940
391,Долин,В,К,0,"","","","","",https://artinvestment.ru/auctions/145960
392,Дымшиц-Толстая,Софья,Исааковна,0,"1889","1963","","","",https://artinvestment.ru/auctions/145980
393,Запорожцев,В,"",0,"","","","","",https://artinvestment.ru/auctions/146000
394,Кандауров,Константин,Васильевич,0,"1865","1930","","","",https://artinvestment.ru/auctions/146020
395,Кандинский,Василий,Васильевич,0,"1866","1944","","","",https://artinvestment.ru/auctions/378
396,Кашменский,Г,Ф,0,"","","","","",https://artinvestment.ru/auctions/146040
397,Кеворкова,С,М,0,"","","","","",https://artinvestment.ru/auctions/146060
398,Клюшников,С,А,0,"","","","","",https://artinvestment.ru/auctions/146080
399,Крон,Христиан,Корнелиус,0,"1882","1959","","","",https://artinvestment.ru/auctions/146100
400,Крон,Юлия,"",0,"1882","1956","","","",https://artinvestment.ru/auctions/142880
401,Кузнецов,Н,Б,0,"","","","","",https://artinvestment.ru/auctions/146120
402,Кульбин,Николай,Иванович,0,"1868","1917","","","",https://artinvestment.ru/auctions/1446
403,Леблан,Михаил,Варфоломеевич,0,"1875","1940","","","",https://artinvestment.ru/auctions/14870
404,Мильман,Адольф,Израилевич,0,"1886","1930","","","",https://artinvestment.ru/auctions/123750
405,Михеев,М,И,0,"","","","","",https://artinvestment.ru/auctions/146160
406,Петровский,Дмитрий,Васильевич,0,"1892","1955","","","",https://artinvestment.ru/auctions/146180
407,Плигин,Александр,Павлович,0,"1880","1943","","","",https://artinvestment.ru/auctions/146200
408,Пожарский,Валериан,Иванович,0,последняя треть XIX в.,"2-я половина 1950-х (?)","","","",https://artinvestment.ru/auctions/146220
409,Потехина,Елизавета,Сергеевна,0,"1882","1963","","","",https://artinvestment.ru/auctions/122790
410,Роговин,Николай,Ефимович,0,"","","","","",https://artinvestment.ru/auctions/131890
411,Савинков,Виктор,Викторович,0,"1886","1954","","","",https://artinvestment.ru/auctions/146240
412,Самойлова,А,М,0,"","","","","",https://artinvestment.ru/auctions/146260
413,Скуйе,И,А,0,"","","","","",https://artinvestment.ru/auctions/146280
414,Суриков,Василий,Иванович,0,"1848","1916","","","",https://artinvestment.ru/auctions/815
415,Сюрваж,Леопольд,"",0,"1879","1968","","","",https://artinvestment.ru/auctions/1030
416,Такке,Борис,Александрович,0,"1889","1951","","","",https://artinvestment.ru/auctions/138340
417,Тархов,Николай,Александрович,0,"1871","1930","","","",https://artinvestment.ru/auctions/1562
418,Турченко,Л,Г,0,"","","","","",https://artinvestment.ru/auctions/146300
419,Федотов,Иван,Сергеевич,0,"1881","1951","","","",https://artinvestment.ru/auctions/146320
420,Фриденсон,Б,Г,0,"","","","","",https://artinvestment.ru/auctions/146340
421,Харыбин,Павел,Анисимович,0,"1890-е",после 1930,"","","",https://artinvestment.ru/auctions/125470
422,Ходасевич,Валентина,Михайловна,0,"1894","1970","","","",https://artinvestment.ru/auctions/2234
423,Шагал,Марк,Захарович,0,"1887","1985","","","",https://artinvestment.ru/auctions/1672
424,Шиман,Эдуард,Густавович,0,"1885","1942","","","",https://artinvestment.ru/auctions/146360
425,Штуцер,Наталия,Ивановна,0,"1895","1977","","","",https://artinvestment.ru/auctions/146380
426,Рудин,Николай,Михайлович,0,"1891","1978","","","",https://www.litfund.ru/auction/126/258/
427,Эпштейн,Елизавета,Ивановна,0,"1879","1956","","","",https://artinvestment.ru/auctions/92290
428,Явленский,Алексей,Георгиевич,0,"1864","1941","","","",https://artinvestment.ru/auctions/1592
429,Анненков,Юрий,Павлович,0,"1889","1974","","","",https://artinvestment.ru/auctions/837
430,Балльер,Август,Иванович,0,"1879","1962","","","",https://artinvestment.ru/auctions/130890
431,Бобров,Сергей,Павлович,0,"1889","1971","","","",https://artinvestment.ru/auctions/131650
432,Бодуэн де Куртенэ,София,Ивановна,0,"1887","1967",Дерпт,Ченстохова,"","https://ru.wikipedia.org/wiki/Бодуэн_де_Куртенэ,_София_Ивановна"
433,Бубнова,Варвара,Дмитриевна,0,"1886","1983","","","",https://artinvestment.ru/auctions/45560
434,Бурлюк,Никита,Давидович,0,"1915","1995","","","",https://artinvestment.ru/auctions/116270
435,Быстренин,Валентин,Иванович,0,"1872","1944","","","",https://artinvestment.ru/auctions/131690
436,Верховский,Г,Е,0,"","","","","",https://artinvestment.ru/auctions/131710
437,Воинов,Ростислав,Владимирович,0,"1881","1919","","","",https://artinvestment.ru/auctions/131610
438,Воинов,С,И,0,"","","","","",https://artinvestment.ru/auctions/131970
439,Гауш,Александр,Фёдорович,0,"1873","1947","","","",https://artinvestment.ru/auctions/1348
440,Гуро,Елена,Генриховна,0,"1877","1913","","","",https://artinvestment.ru/auctions/14230
441,Денисов,Владимир,Алексеевич,0,"1887","1970","","","",https://artinvestment.ru/auctions/136130
442,Дыдышко,Константин,Викентьевич,0,"1876","1932","","","",https://artinvestment.ru/auctions/5233
443,Зарецкий,Николай,Васильевич,0,"1876","1959","","","",https://artinvestment.ru/auctions/125910
444,Зданевич,Илья,Михайлович,0,"1894","1975","","","",https://artinvestment.ru/auctions/2006
445,Зельманова,Анна,Михайловна,0,ок. 1890,"1948","","","",https://artinvestment.ru/auctions/131730
446,Лабунская,Галина,Викторовна,0,"","","","","",https://artinvestment.ru/auctions/131750
447,Ларионов,Иван,Фёдорович,0,"1884",ок. 1920,"","","",https://artinvestment.ru/auctions/131770
448,Ле Дантю,Михаил,Васильевич,0,"1891","1917","","","",https://artinvestment.ru/auctions/131790
449,Лермонтова,Надежда,Владимировна,0,"1885","1921","","","",https://artinvestment.ru/auctions/777
450,Любавина,Надежда,Ивановна,0,"2-я половина XIX","1-я половина XX","","","",https://artinvestment.ru/auctions/52250
451,Марков,Владимир,И,0,"1877","1914","","","",https://artinvestment.ru/auctions/131810
452,Мительман,Лев,Яковлевич,0,конец XIX,не ранее 1924,"","","",https://artinvestment.ru/auctions/131830
453,Нагубников,Святослав,Александрович,0,"1886",ок. 1914,"","","",https://artinvestment.ru/auctions/131850
454,Потипака,П,Д,0,"","","","","",https://artinvestment.ru/auctions/131870
455,Сагайдачный,Евгений,Яковлевич,0,"1886","1961","","","",https://artinvestment.ru/auctions/131910
456,Спандиков,Эдуард,Карлович,0,"1875","1929","","","",https://artinvestment.ru/auctions/106110
457,Уханова,Анастасия,Васильевна,0,"1885","1973","","","",https://artinvestment.ru/auctions/22710
458,Цадкин,Осип,Алексеевич,0,"1890","1967","","","",https://artinvestment.ru/auctions/1176
459,Шехтель,Вера,Фёдоровна,0,"1896","1958","","","",https://artinvestment.ru/auctions/131930
460,Школьник,Иосиф,Соломонович,0,"1883","1926","","","",https://artinvestment.ru/auctions/91610
461,Шлейфер,Цалия,Яковлевич,0,"1881","1943","","","",https://artinvestment.ru/auctions/131630
462,Алфеевский,Валерий,Сергеевич,0,"1906","1989","","","",https://artinvestment.ru/auctions/138460
463,Антонов,Фёдор,Васильевич,0,"1904","1991","","","",https://artinvestment.ru/auctions/18730
464,Аркин,Аркадий,Ефимович,0,"","","","","",https://artinvestment.ru/auctions/140480
465,Барщ,Александр,Осипович,0,"1897","1971","","","",https://artinvestment.ru/auctions/79610
466,Бектеева,Нина,Петровна,0,"1897","1980","","","",https://artinvestment.ru/auctions/140500
467,Берендгоф,Георгий,Сергеевич,0,"1903","1946","","","",https://artinvestment.ru/auctions/140520
468,Булгаков,Борис,Петрович,0,"1893","1964","","","",https://artinvestment.ru/auctions/84895
469,Вайнер,Лазарь,Яковлевич,0,"1885","1933","","","",https://artinvestment.ru/auctions/137310
470,Виноградова,Елена,Васильевна,0,"","","","","",https://artinvestment.ru/auctions/140540
471,Гранавцева,Мария,Степановна,0,"1904","1989","","","",https://artinvestment.ru/auctions/138480
472,Гуров,Николай,Тимофеевич,0,"1905","","","","",https://artinvestment.ru/auctions/140560
473,Дейнека,Александр,Александрович,0,"1899","1969","","","",https://artinvestment.ru/auctions/1060
474,Доброковский,Мечислав,Васильевич,0,"1895","1938","","","",https://artinvestment.ru/auctions/79550
475,Зевин,Лев,Яковлевич,0,"1903","1942","","","",https://artinvestment.ru/auctions/52590
476,Зусман,Леонид,Павлович,0,"1906","1984","","","",https://artinvestment.ru/auctions/106810
477,Ивановский,Иван,Васильевич,0,"1905","1980","","","",https://artinvestment.ru/auctions/27130
478,Кищенков,Леонид,Иванович,0,"1902","","","","",https://artinvestment.ru/auctions/140580
479,Козлов,Александр,Николаевич,0,"1902","1946","","","",https://artinvestment.ru/auctions/84955
480,Кондратов,Фёдор,Филиппович,0,"1897","1944","","","",https://artinvestment.ru/auctions/139020
481,Крылов,Порфирий,Никитич,0,"1902","1990","","","",https://artinvestment.ru/auctions/7093
482,Кушнер,Борис,Анисимович,0,"1888","","","","",https://dic.academic.ru/dic.nsf/enc_biography/67405/Кушнер
483,Куприянов,Михаил,Васильевич,0,"1903","1991","","","",https://artinvestment.ru/auctions/966
484,Лебедева,Татьяна,Александровна,0,"1906","1980","","","",https://artinvestment.ru/auctions/139040
485,Платов,Фёдор,Фёдорович,0,"1895","1967","","","",https://artinvestment.ru/auctions/8645
486,Побережская,Ада,Израилевна,0,"","","","","",https://artinvestment.ru/auctions/140640
487,Попков,Иван,Григорьевич,0,"1896","1976","","","",https://artinvestment.ru/auctions/48200
488,Рабичев,Исаак,Беньич,0,"1896","1957","","","",https://artinvestment.ru/auctions/111030
489,Соколов,Николай,Александрович,0,"1903","2000","","","",https://artinvestment.ru/auctions/1080
490,Шифрин,Ниссон,Абрамович,0,"1892","1961","","","",https://artinvestment.ru/auctions/140440
491,Штеренберг,Давид,Петрович,0,"1881","1948","","","",https://artinvestment.ru/auctions/226
492,Щипицын,Александр,Васильевич,0,"1897","1943","","","",https://artinvestment.ru/auctions/140680
493,Эллонен,Виктор,Вильгельмович,0,"1891","1980","","","",https://artinvestment.ru/auctions/137690
494,Александрова,Татьяна,Борисовна,0,"1907","1987","","","",https://artinvestment.ru/auctions/32310
495,Бабичев,Пётр,Павлович,0,"1902","1947","","","",https://artinvestment.ru/auctions/133890
496,Белякова,Екатерина,Михайловна,0,"1891","1980","","","",https://artinvestment.ru/auctions/133910
497,Жегин,Лев,Фёдорович,0,"1892","1969","","","",https://artinvestment.ru/auctions/133850
498,Кадлубинский,К,К,0,"","","","","",https://artinvestment.ru/auctions/133870
499,Николаевцев,Иван,Григорьевич,0,"1902","1960","","","",https://artinvestment.ru/auctions/15190
500,Синезубов,Николай,Васильевич,0,"1891","1956","","","",https://artinvestment.ru/auctions/1836
501,Соболев,Иван,Сергеевич,0,"1884","1964","","","",https://artinvestment.ru/auctions/133970
502,Фёдоров,Леонид,Александрович,0,"1892","1960","","","",https://artinvestment.ru/auctions/133990
503,Флоренская,Раиса,Александровна,0,"1896","1932","","","",https://artinvestment.ru/auctions/79905
504,Чекрыгин,Василий,Николаевич,0,"1897","1922","","","",https://artinvestment.ru/auctions/1436
505,Британишский,Лев,Романович,0,"1897","1971","","","",https://artinvestment.ru/auctions/135930
506,Ведерников,Александр,Семёнович,0,"1898","1975","","","",https://artinvestment.ru/auctions/1558
507,Вербов,Михаил,Фёдорович,0,"1900","1980 (1982)","","","",https://artinvestment.ru/auctions/135950
508,Гаскевич,Екатерина,Степановна,0,"1905","1994","","","",https://artinvestment.ru/auctions/135970
509,Гельман,Макс,Исаевич,0,"1892","1979","","","",https://artinvestment.ru/auctions/135990
510,Гернет,Татьяна,Евгеньевна,0,"1899","","","","",https://artinvestment.ru/auctions/136010
511,Дёмина,Клавдия,Петровна,0,"1900","1976","","","",https://artinvestment.ru/auctions/96740
512,Емельянов,Николай,Дмитриевич,0,"1904","1938","","","",https://artinvestment.ru/auctions/123410
513,Забровский,Ерухим,Самойлович,0,"1900 (?)","1942 (?)","","","",https://artinvestment.ru/auctions/136150
514,Загоскин,Давид,Ефимович,0,"1900","1942","","","",https://artinvestment.ru/auctions/52210
515,Зайцев,Александр,Дмитриевич,0,"1903","1982","","","",https://artinvestment.ru/auctions/136170
516,Зарянов,Фёдор,Иванович,0,"1903","1942","","","",https://artinvestment.ru/auctions/136190
517,Иванов,Григорий,Иванович,0,"1894","1960","","","",https://artinvestment.ru/auctions/136210
518,Иванова-Ленинградская,Ника,Васильевна,0,"1883","1952","","","",https://artinvestment.ru/auctions/136230
519,Иноземцев,Борис,Иванович,0,"1904",ок. 1941,"","","",https://artinvestment.ru/auctions/136250
520,Каплун,Софья,Гитмановна,0,"1901","1962","","","",https://artinvestment.ru/auctions/136270
521,Каплянский,Борис,Евсеевич,0,"1903","1984","","","",https://artinvestment.ru/auctions/136290
522,Кортиков,Г,"",0,"","","","","",https://artinvestment.ru/auctions/136030
523,Купервассер,Татьяна,Исидоровна,0,"1903","1972","","","",https://artinvestment.ru/auctions/14790
524,Куприянова,Серафима,Андреевна,0,"1903","1979","","","",https://artinvestment.ru/auctions/136050
525,Купцов,Василий,Васильевич,0,"1899","1935","","","",https://artinvestment.ru/auctions/124370
526,Лагздынь,Георгий,Андреевич,0,"1890 (1894 или 1895)","1942","","","",https://artinvestment.ru/auctions/136070
527,Лизак,Израиль,Львович,0,"1905","1974","","","",https://artinvestment.ru/auctions/79925
528,Малагис,Владимир,Ильич,0,"1902","1974","","","",https://artinvestment.ru/auctions/109570
529,Малахин,Абрам,Лазаревич,0,"1901","1970","","","",https://artinvestment.ru/auctions/136310
530,Месс,Леонид,Абрамович,0,"1907","1993","","","",https://artinvestment.ru/auctions/136330
531,Могилевский,Наум,Семёнович,0,"1895","1975","","","",https://artinvestment.ru/auctions/136350
532,Немёнова,Герта,Михайловна,0,"1905","1986","","","",https://artinvestment.ru/auctions/45700
533,Николаев,Василий,Петрович,0,"1906","1941","","","",https://artinvestment.ru/auctions/136370
534,Носков,Михаил,Васильевич,0,"1892","1957","","","",https://artinvestment.ru/auctions/136390
535,Орехов,Иван,Васильевич,0,"1888",ок. 1940,"","","",https://artinvestment.ru/auctions/42280
536,Пакулин,Вячеслав,Владимирович,0,"1900","1951","","","",https://artinvestment.ru/auctions/1210
537,Пахомов,Алексей,Фёдорович,0,"1900","1973","","","",https://artinvestment.ru/auctions/1842
538,Петрова–Троцкая,Екатерина,Михайловна,0,"1900","1932","","","",https://artinvestment.ru/auctions/83920
539,Порет,Алиса,Ивановна,0,"1902","1984","","","",https://artinvestment.ru/auctions/3313
540,Почтенный,Алексей,Петрович,0,"1895","1942","","","",https://artinvestment.ru/auctions/136410
541,Пьянкова,Галина,Борисовна,0,"1903","1942","","","",https://artinvestment.ru/auctions/136430
542,Русаков,Александр,Исаакович,0,"1898","1952","","","",https://artinvestment.ru/auctions/12030
543,Самохвалов,Александр,Николаевич,0,"1894","1971","","","",https://artinvestment.ru/auctions/1116
544,Свиненко,Николай,Владимирович,0,"1900","1942","","","",https://artinvestment.ru/auctions/136450
545,Суцкевер,Михаил,Максимович,0,"1896","1942","","","",https://artinvestment.ru/auctions/136470
546,Тимошенко,Лидия,Яковлевна,0,"1903","1976","","","",https://artinvestment.ru/auctions/46660
547,Траугот,Георгий,Николаевич,0,"1903","1961","","","",https://artinvestment.ru/auctions/136490
548,Федоричева,Мария,Александровна,0,"1895","1971","","","",https://artinvestment.ru/auctions/136090
549,Хлестова,Надежда,Ивановна,0,"1899","1942","","","",https://artinvestment.ru/auctions/136510
550,Хортик,Леонид,Яковлевич,0,"1889 (1886)","1942","","","",https://artinvestment.ru/auctions/136530
551,Чугунов,Сергей,Александрович,0,"1901","1942","","","",https://artinvestment.ru/auctions/52530
552,Шаньгин,Иван,Ефимович,0,"1904",не ранее 1941,"","","",https://artinvestment.ru/auctions/136550
553,Шехтман,Михаил,Лазаревич,0,"1882","1938","","","",https://artinvestment.ru/auctions/136570
554,Шур,Яков,Михайлович,0,"1902","1993","","","",https://artinvestment.ru/auctions/136110
555,Эккерт,Эмиль-Оскар,Фридрихович,0,"1890","1957","","","",https://artinvestment.ru/auctions/136590
556,Гильдебрандт,Ольга,Николаевна,0,"1897/1898","1980","","","",https://artinvestment.ru/auctions/101440
557,Даран,Даниил,Борисович,0,"1894","1964","","","",https://artinvestment.ru/auctions/68980
558,Ижевский,Сергей,Дмитриевич,0,"1899","1985","","","",https://artinvestment.ru/auctions/137850
559,Кашина,Надежда,Васильевна,0,"1896","1977","","","",https://artinvestment.ru/auctions/96640
560,Кашина,Нина,Васильевна,0,"1903","1985","","","",https://artinvestment.ru/auctions/1546
561,Кузьмин,Николай,Васильевич,0,"1890","1987","","","",https://artinvestment.ru/auctions/334
562,Либерман,Залман,Рувимович,0,"1903","1940","","","",https://artinvestment.ru/auctions/137870
563,Маврина,Татьяна,Алексеевна,0,"1900","1996","","","",https://artinvestment.ru/auctions/1098
564,Недбайло,Михаил,Иванович,0,"1901","1943","","","",https://artinvestment.ru/auctions/101640
565,Расторгуев,Сергей,Николаевич,0,"1896","1943","","","",https://artinvestment.ru/auctions/250
566,Рыбченков,Борис,Фёдорович,0,"1899","1994","","","",https://artinvestment.ru/auctions/4655
567,Семашкевич,Роман,Матвеевич,0,"1900","1937","","","",https://artinvestment.ru/auctions/137890
568,Стефанский,Чеслав,Казимирович,0,"1889","1942","","","",https://artinvestment.ru/auctions/103920
569,Юркун,Юрий,Иванович,0,"1895","1938","","","",https://artinvestment.ru/auctions/106210
570,Баранов-Россине,Владимир,Давидович,0,"1888","1944","","","",https://artinvestment.ru/auctions/27
571,Богомазов,Александр,Константинович,0,"1880","1930","","","",https://artinvestment.ru/auctions/230
572,Бурлюк-Кузнецова,Людмила,Давидовна,0,"1884","1968 (1973 (?))","","","",https://artinvestment.ru/auctions/123250
573,Кнабе,Иван,Адольфович,0,"1879",ок. 1910,"","","",https://artinvestment.ru/auctions/122850
574,Коваленко,П,"",0,"","","","","",https://artinvestment.ru/auctions/123310
575,Михневич,Людмила,Иосифовна,0,"1861","1923 (1924 (?))","","","",https://artinvestment.ru/auctions/138000
576,Шмит-Рыжова,Людмила,Фёдоровна,0,"1881","","","","",https://artinvestment.ru/auctions/123330
577,Якулов,А,Б,0,"","","","","",https://artinvestment.ru/auctions/123350
578,Авлас,Владимир,Дмитриевич,0,"1904","1975","","","",https://artinvestment.ru/auctions/124230
579,Вахрамеев,Александр,Иванович,0,"1874","1926","","","",https://artinvestment.ru/auctions/23650
580,Ганкевич,Сергей,Васильевич,0,"1892","1942","","","",https://artinvestment.ru/auctions/124250
581,Глебова,Татьяна,Николаевна,0,"1900","1985","","","",https://artinvestment.ru/auctions/46360
582,Губастова,Юлия,Васильевна,0,"1903","","","","",https://artinvestment.ru/auctions/124270
583,Гурвич,Борис,Исаакович,0,"1905","1985","","","",https://artinvestment.ru/auctions/52700
584,Евграфов,Николай,Иванович,0,"1904","1941","","","",https://artinvestment.ru/auctions/105850
585,Закликовская,Софья,Людвиговна,0,"1889","1975","","","",https://artinvestment.ru/auctions/3293
586,Зальцман,Павел,Яковлевич,0,"1912","1985","","","",https://artinvestment.ru/auctions/75750
587,Иванова,Людмила,Александровна,0,"1904","1977","","","",https://artinvestment.ru/auctions/124290
588,Иванова,Нина,Владимировна,0,"","1970-е (?)","","","",https://artinvestment.ru/auctions/124310
589,Капитанова,Юлия,Григорьевна,0,"1890","1976","","","",https://artinvestment.ru/auctions/43420
590,Кибрик,Евгений,Адольфович,0,"1906","1978","","","",https://artinvestment.ru/auctions/14550
591,Кондратьев,Павел,Михайлович,0,"1902","1985","","","",https://artinvestment.ru/auctions/1058
592,Крапивный,Дмитрий,Павлович,0,"1904","1940","","","",https://artinvestment.ru/auctions/80630
593,Курдов,Валентин,Иванович,0,"1905","1989","","","",https://artinvestment.ru/auctions/1286
594,Левитон,Ревекка,Михайловна,0,"1906","1987 (?)","","","",https://artinvestment.ru/auctions/124390
595,Ливчак,Ксана,Владимировна,0,"1906","1988","","","",https://artinvestment.ru/auctions/124410
596,Лозовой,Николай,Григорьевич,0,"1901","1992","","","",https://artinvestment.ru/auctions/46540
597,Лукстынь,Ян,Карлович,0,"1887","1930-е","","","",https://artinvestment.ru/auctions/124430
598,Луппиан,Владимир,Карлович,0,"1892","1983","","","",https://artinvestment.ru/auctions/52230
599,Ляндсберг,Артур,Мечиславович,0,"1905","1963","","","",https://artinvestment.ru/auctions/124450
600,Макаров,Михаил,Константинович,0,"1904","2-я половина 1960-х","","","",https://artinvestment.ru/auctions/124330
601,Мордвинова,Алевтина,Евгеньевна,0,"1900","1980","","","",https://artinvestment.ru/auctions/40640
602,Николаев,Степан,Андреевич,0,"1902","","","","",https://artinvestment.ru/auctions/124350
603,Новиков,Георгий,Александрович,0,"1898","1981","","","",https://artinvestment.ru/auctions/124470
604,Полозов,Михаил,Иванович,0,"","","","","",https://artinvestment.ru/auctions/124490
605,Рабинович,Саул,Львович,0,"1905","1988","","","",https://artinvestment.ru/auctions/124510
606,Сашин,Александр,Тимофеевич,0,"1896","1965","","","",https://artinvestment.ru/auctions/124530
607,Суворов,Иннокентий,Иванович,0,"1898","1947","","","",https://artinvestment.ru/auctions/124550
608,Сулимо-Самуйлло,Всеволод,Ангелович,0,"1903","1965","","","",https://artinvestment.ru/auctions/69440
609,Тагрина,Любовь,Николаевна,0,"1884","1955","","","",https://artinvestment.ru/auctions/124650
610,Тэнисман,Эдуард,Альма,0,ок. 1906,"1941 или 1942","","","",https://artinvestment.ru/auctions/124570
611,Хржановский,Юрий,Борисович,0,"1905","1987","","","",https://artinvestment.ru/auctions/124590
612,Цыбасов,Михаил,Петрович,0,"1904","1967","","","",https://artinvestment.ru/auctions/124610
613,Шванг,Иосиф,Александрович,0,ок. 1900,"1937/1938 (?)","","","",https://artinvestment.ru/auctions/124630
614,Алексеев,А,Г,0,"","","","","",https://artinvestment.ru/auctions/140700
615,Арямнов,Гавриил,Алексеевич,0,"1891","1949","","","",https://artinvestment.ru/auctions/140720
616,Бухарова,Наталия,Сергеевна,0,"1901","1986","","","",https://artinvestment.ru/auctions/140740
617,Вейс,Е,Г,0,"","","","","",https://artinvestment.ru/auctions/140760
618,Веснин,Виктор,Александрович,0,"1882","1950","","","",https://artinvestment.ru/auctions/140780
619,Гинзбург,Моисей,Яковлевич,0,"1892","1946","","","",https://artinvestment.ru/auctions/140800
620,Гутнов,А,И,0,"","","","","",https://artinvestment.ru/auctions/140820
621,Гюрджан,Т,П,0,"","","","","",https://artinvestment.ru/auctions/140840
622,Дамский,Абрам,Исаакович,0,"1906","1988","","","",https://artinvestment.ru/auctions/140860
623,Ёлкин,Василий,Николаевич,0,"1897","1991","","","",https://artinvestment.ru/auctions/6953
624,Изаксон,Александр,Аронович,0,"1907","1966","","","",https://artinvestment.ru/auctions/140880
625,Ирбит,Пауль,Янович,0,"1890","1938","","","",https://artinvestment.ru/auctions/140900
626,Крейчик,А,В,0,"","","","","",https://artinvestment.ru/auctions/140920
627,Моор,Дмитрий,Стахиевич,0,"1883","1946","","","",https://artinvestment.ru/auctions/1180
628,Острецов,А,Я,0,"","","","","",https://artinvestment.ru/auctions/140960
629,Попов-Воронежский,Иван,Никитич,0,"","","","","",https://artinvestment.ru/auctions/140980
630,Романов,Пётр,Петрович,0,"1902","1952","","","",https://artinvestment.ru/auctions/141000
631,Рутковский,Николай,Христофорович,0,"1892","1968","","","",https://artinvestment.ru/auctions/63770
632,Самойловских,Анна,Ивановна,0,"1901","1986","","","",https://artinvestment.ru/auctions/141020
633,Сидельникова,Н,"",0,"","","","","",https://artinvestment.ru/auctions/141040
634,Степанова,Варвара,Фёдоровна,0,"1894","1958","","","",https://artinvestment.ru/auctions/1350
635,Тагиров,Фаик,Шахирджанович,0,"1906","","","","",https://artinvestment.ru/auctions/141060
636,Талакуев,Н,Г,0,"","","","","",https://artinvestment.ru/auctions/141080
637,Телингатер,Соломон,Бенедиктович,0,"1903","1969","","","",https://artinvestment.ru/auctions/371
638,Тоот,Виктор,Сигизмундович,0,"1893","1963","","","",https://artinvestment.ru/auctions/141100
639,Фрейберг,Паула,Фрицовна,0,"1890",не ранее 1938,"","","",https://artinvestment.ru/auctions/141120
640,Чуйков,Семён,Афанасьевич,0,"1902","1980","","","",https://artinvestment.ru/auctions/15850
641,Шнейдер,Николай,Самуилович,0,"1900",не ранее 1950,"","","",https://artinvestment.ru/auctions/141140
642,Штейн,Вера,Фёдоровна,0,"1881","1971","","","",https://artinvestment.ru/auctions/141160
643,Милиоти,Василий,Дмитриевич,0,"1875","1943","","","",https://artinvestment.ru/auctions/336/
644,Рябушинский,Николай,Павлович,0,"1877","1951","","","",https://artinvestment.ru/auctions/1198/
645,Николаев,А,А,0,"","","","","",""
646,Фердинандов,Николай,Алексеевич,0,"1886","1925","","","",https://artinvestment.ru/news/exhibitions/20120913_gtg.html
647,Дружинина,М,В,0,"","","","","",""
648,Лиандер,Турина-Мария-Анета,Робертовна,0,"1861","1941 или 1942","","","",https://artinvestment.ru/auctions/301830/
649,Витоль,Э,И,0,"","","","","",""
650,Гиппиус,Н,Н,0,"","","","","",""
651,Андерс,М,Э,0,"","","","","",""
652,Арионеско-Балльер,Лидия,Ивановна,0,"1880","1923",Кишинёв,Кишинёв,"","https://ru.wikipedia.org/wiki/Арионеско-Балльер,_Лидия_Ивановна"
653,Афанасьева,Л,П,0,"","","","","",""
654,Бланк,Г,К,0,"","","","","",""
655,Решетов,Амфиан,"",0,"1889","1960","","","",https://www.litfund.ru/auction/126/258/
656,Ваулин,Пётр,Кузьмич,0,"1870","1943",Черемисское,Ворошиловград,"","https://ru.wikipedia.org/wiki/Ваулин,_Пётр_Кузьмич"
657,Ващенко,Евгений,Петрович,0,"1887","1979",Щигры,София,"","https://ru.wikipedia.org/wiki/Ващенко,_Евгений_Петрович"
658,Вернер,Михаил,Евгеньевич,0,"1881","1941",Москва,Москва,"","https://ru.wikipedia.org/wiki/Вернер,_Михаил_Евгеньевич"
659,Герст-Рыжова,Л,И,0,"","","","","",""
660,Городецкий,Александр,Митрофанович,0,"1886","1914","","","",https://www.litfund.ru/auction/507/102/
661,Григорьев,Борис,Дмитриевич,0,"1886","1939",Москва,Кань-сюр-Мер,"","https://ru.wikipedia.org/wiki/Григорьев,_Борис_Дмитриевич"
662,Детерс,Эрна,Владимировна,0,"1876",после 1930,Динабург,Финляндия (?),"",https://artinvestment.ru/auctions/77770/
663,Дидерихс,Андрей,Романович,0,"1884","1942","",Ташкент,"",https://artchive.ru/artists/18725~Andrej_Romanovich_Diderikhs
664,Дуничев-Андреев,Александр,Александрович,0,"1887","1941",дер. Старая Салынь,Ленинград,"",https://dbsch1.ucoz.net/news/08_12_2023_g_den_khudozhnika_v_rossii/2023-12-08-1750
665,Евреинов,Николай,Николаевич,0,"1879","1953",Москва,Париж,"","https://ru.wikipedia.org/wiki/Евреинов,_Николай_Николаевич_(1879)"
666,Евсеев,Константин,Иванович,0,"1879","1944","","","",https://artinvestment.ru/auctions/4753/
667,Егоров,Михаил,"",0,"1833","","","","",https://artinvestment.ru/auctions/92910/
668,Калмаков,Николай,Константинович,0,"1873","1955",Нерви,Шелль близ Парижа,"",https://artinvestment.ru/auctions/342/
669,Козлинский,Владимир,Иванович,0,"1891","1967",Кронштадт,Снегири,"","https://ru.wikipedia.org/wiki/Козлинский,_Владимир_Иванович"
670,Круковская,Н,И,0,"","","","","",""
671,Кун,Т,М,0,"","","","","",""
672,Кучумов,Василий,Никитович,0,"1888","1959",Ярославская губерния,Ленинград,"",https://rusmuseumvrm.ru/reference/classifier/author/kuchumov_vn/index.php
673,Мазараки,К,П,0,"","","","","",""
674,Мейстер-Жуковская,Лидия,Георгиевна,0,"","","","","",https://artinvestment.ru/auctions/126070/
675,Арватов,Борис,Игнатьевич,0,"1896","1940",Волковышский уезд,Москва,"","https://ru.wikipedia.org/wiki/Арватов,_Борис_Игнатьевич"
676,Нечаев,Василий,Иванович,0,"1877","1933",Санкт-Петербург,Ленинград,"",https://rgbs.ru/tiflology/tiflonews/yubileynye-i-pamyatnye-daty/2017u/11-fevralya-140-let-so-dnya-rozhdeniya-v-i-nechaeva-1877-1933-khudozhnika-obshchestvennogo-deyatelya/
677,Чужак,Николай,Фёдорович,0,"1876","1937",Нижний Новгород,Ленинград,"","https://ru.wikipedia.org/wiki/Чужак,_Николай_Фёдорович"
678,Рубцов,Александр,Александрович,0,"1884","1949",Санкт-Петербург,Франция,"",https://artinvestment.ru/auctions/9085/
679,Рымша,П,С,0,"","","","","",""
680,Сабо,Ю,И,0,"","","","","",""
681,Синягин,Н,М,0,"","","","","",""
682,Скалон,Александр,Васильевич,0,"1874","1942","",Ленинград,"","https://ru.wikipedia.org/wiki/Скалон,_Александр_Васильевич_(художник)"
683,Шауб-Зефтинген,Ю,В,0,"","","","","",""
684,Шестопалов,Николай,Иванович,0,"1875","1954","","","",""
685,Ширяев,М,Д,0,"","","","","",""
686,Шмит-Рыжов,Николай,Александрович,0,"1873","","","","",https://yavarda.ru/shmitryzhov.html
687,Ган,Алексей,Михайлович,0,"1887 или 1893","1942","","","",https://ru.wikibrief.org/wiki/Aleksei_Gan
688,Лапшин,Николай,Фёдорович,0,"1891","1942",Санкт-Петербург,Ленинград,"",https://artinvestment.ru/auctions/28770/
689,Пунин,Николай,Николаевич,0,"1888","1953",Гельсингфорс,Абезь,"","https://ru.wikipedia.org/wiki/Пунин,_Николай_Николаевич"
690,Успенский,Алексей,Александрович,0,"1892","1941",Санкт-Петербург,Ленинград,"",https://artinvestment.ru/auctions/46700/
691,Лурье,Артур,Сергеевич,0,"1892","1966",Пропойск,Принстон,"","https://ru.wikipedia.org/wiki/Лурье,_Артур_Сергеевич"
692,Воинов,Всеволод,Владимирович,0,"1880","1945",Санкт-Петербург,Ленинград,"",https://artinvestment.ru/auctions/28370/
693,Мандельштам,Осип,Эмильевич,0,"1891","1938",Варшава,Владивосток,"","https://ru.wikipedia.org/wiki/Мандельштам,_Осип_Эмильевич"
694,Митрохин,Дмитрий,Исидорович,0,"1888","1973",Ейск,Москва,"","https://ru.wikipedia.org/wiki/Митрохин,_Дмитрий_Исидорович#:~:text=Дмитрий%20Исидорович%20Митрохин%20(15%20мая,в%20жанре%20камерного%20натюрморта%3B%20искусствовед"
695,Хлебников,Велимир,"",0,"1885","1922",Астраханская губерния,Санталово,"","https://ru.wikipedia.org/wiki/Хлебников,_Велимир"
696,Зенкевич,Борис,Александрович,0,"1888","1972","","","",https://artinvestment.ru/auctions/149640/
697,Исаков,Сергей,Константинович,0,"1875","1953",Вязники,Ленинград,"",https://rusmuseum.ru/necrologue/sergey-konstantinovich-isakov/
698,Волобуев,Алексей,Николаевич,0,"1894","",Москва,"","",https://yavarda.ru/volobuev.html
699,Ратеев,П,"",0,"","","","","",""
700,Соболев,Дмитрий,Гаврилович,0,"1895","1962",Москва,Москва,"",https://yavarda.ru/dmitrysobolev.html
701,Шохин,Дмитрий,Михайлович,0,"1875 или 1876","","","","",https://artinvestment.ru/auctions/131550/
702,Доринская,А,А,0,"","","","","",""
703,Венгров,Н,П,0,"","","","","",""
704,Вешкин,А,И,0,"","","","","",""
705,Новгородцев,Н,"",0,"","","","","",""
706,Мятников,А,А,0,"","","","","",""
707,Крамфус,Г,К,0,"","","","","",""
708,Мурская,А,А,0,"","","","","",""
709,Рахмилович,А,С,0,"","","","","",""
710,Дубнова,С,С,0,"","","","","",""
711,Клада,Т,"",0,"","","","","",""
712,Полонский,В,П,0,"","","","","",""
713,Тришатов,А,А,0,"","","","","",""
714,Чапыгин,А,П,0,"","","","","",""
715,Бич-Лубенская,А,К,0,"","","","","",""
716,Смирнов,А,М,0,"","","","","",""
717,Смирнова,А,В,0,"","","","","",""
718,Алпатов,И,И,0,"","","","","",""
719,Баранов,Н,И,0,"","","","","",""
720,Вера,Василий,"",0,"","","","","",""
721,Николай,Диомиди,"",0,"","","","","",""
722,Зотов,П,М,0,"","","","","",""
723,Никитин,И,А,0,"","","","","",""
724,Потапов,Г,И,0,"","","","","",""
725,Соловьёв-Озеров,Григорий,Павлович,0,"","","","","",""
726,Ершов,П,К,0,"","","","","",""
727,Поляков,Константин,Георгиевич,0,"","","","","",""
728,Алексей,Михайлович,Чернышёв,0,"1880","1961","","","",https://artstudies.sias.ru/upload/2015_1-2_537-559_gribonosova.pdf
729,Брюсов,Валерий,Яковлевич,0,"1873","1924",Москва,Москва,"","https://ru.wikipedia.org/wiki/Брюсов,_Валерий_Яковлевич"
730,Гиршман,Владимир,Осипович,0,"1867","1936",Москва,Париж,"","https://ru.wikipedia.org/wiki/Гиршман,_Владимир_Осипович"
731,Кочетов,Николай,Разумникович,0,"1864","1925",Ораниенбаум,Москва,"","https://ru.wikipedia.org/wiki/Кочетов,_Николай_Разумникович"
732,Станиславский,Константин,Сергеевич,0,"1863","1938",Москва,Москва,"","https://ru.wikipedia.org/wiki/Станиславский,_Константин_Сергеевич"
733,Трояновский,Иван,Иванович,0,"1855","1928","",Бугры,"","https://ru.wikipedia.org/wiki/Трояновский,_Иван_Иванович"
734,Асеев,Николай,Николаевич,0,"1889","1963",Льгов,Москва,"","https://ru.wikipedia.org/wiki/Асеев,_Николай_Николаевич"
